Date,headline
2018-1-1,"Nasdaq Index Falls 1.7% But Dow Stocks Are Up: Nasdaq Index Falls 1.7%, But Dow Stocks Move Higher"
2018-1-2,"NEWPORT JOURNAL: By Landing Fleet, Small Port Sets Off a Storm of Envy"
2018-1-3,"The More We Make, the Better We Want"
2018-1-4,"Mutual Funds: Comparing Performances: Links of Investment Companies, Stocks Held Confusing"
2018-1-5,"OBAMA EXPANDS RECOVERY PLANS AS OUTLOOK DIMS: SEEKING 3 MILLION JOBS Fearing a More Severe Downturn, He Tells Aides to Be Bold"
2018-1-6,U.S. Output Down 0.2% Last Month: Third Modest Drop In Row for Industry U.S. Output Down 0.2% in December Analysts find some bright spots amid the signs of gloom.
2018-1-7,Economic Scene: Finding a Path To Stability
2018-1-8,"MARKET WIPES OUT THURSDAY'S LOSSES: Composite Rise Is 1.84 Points With Some Issues Making Gains Near 3 Points VOLUME SHOWS A DECLINE Only 183 of 1,123 Listings End Lower in Day -- 701 Higher and 239 Are Unchanged"
2018-1-9,Treasury Bill Rates Soar Above 1l %: CREDIT MARKETS Treasury Bill Rates Top 11 %
2018-1-10,"Betting Inflation Stays Dormant, Fed Leaves Interest Rates Alone: The Fed Decides to Leave Interest Rates Unchanged"
2018-1-11,Market Place: Pros and Cons Of Municipals
2018-1-12,KENNEDY STUDIES NEW JOBLESS AID: Weighs Longer-Range Ideas to Ease Unemployment After Recession Ends KENNEDY STUDIES NEW JOBLESS AID
2018-1-13,"RESERVE EXPECTS BANK CREDIT LAG: Growth Rate to Be Slower Than in 1968, but Above Present, Board Says FIRST FORECAST GIVEN Martin Discloses Predictions Before Unit in Congress -- Payments Deficit Seen RESERVE EXPECTS BANK CREDIT LAG"
2018-1-14,Researchers Find a Diverse Face On the Poverty in New York City: Researchers Find Diverse Face on Poverty Should more be spent on basic needs of the poor and less on health care?
2018-1-15,OFFER IS ANNOUNCED FOR BDM INTERNATIONAL
2018-1-16,"U.S. Trade Gap Widens Sharply As Imports Soar: U.S. Trade Deficit Widens Sharply, to $12.5 Billion Exports slip and imports surge to the second-highest level on record."
2018-1-17,Some Light At Beginning Of Tunnel For Citigroup
2018-1-18,Business Diary: April 28-May 3 COMPANIES
2018-1-19,Economic Scene: Things that every economist takes for granted could help a lot of other people avoid some costly mistakes.
2018-1-20,Futures/Options: Buying Frenzy For Gold Bugs
2018-1-21,A Hospital's Annual Ball Gives Way To Economy: High Costs Cited Dissatisfaction Explained
2018-1-22,"DOW CLIMBS 3.54, REVERSING TREND: Stocks, Showing First Gain of Week, Are Buoyed by Price-Index Report A.T.&T. UP 3/8 TO 47 5/8 Toy Issues Continue to Take a Battering, While Airline Stocks Also Weaken Dow Rises by 3.54 to 943.03, Reversing a Week of Declines"
2018-1-23,Rate Views Lift Dollar; Prices of Gold Decline
2018-1-24,"Adrift in Japan's Sea of Unknown Intentions: The U.S. talked a tough line, but now has little influence. Adrift in a Sea of Unknown Intentions"
2018-1-25,"Bad Economy Leads Patients To Put Off Surgery, or Rush It"
2018-1-26,Trading Places: Real Estate Instead of Dot-Coms
2018-1-27,SCIENCE RESEARCH WOULD BE HIT HARD IN BUDGET CUTTING: BASIC PROJECTS AT RISK Republicans Assert Goal Is to Maintain a 'Robust Policy' While Trimming Excess Budget Cuts Would Hamper Scientific Research
2018-1-28,Market Place: Weis Securities Liquidation
2018-1-29,Deficit and the Dow: Market Frenzy Disturbs Calculations That Budget Conferees Must Rely On Economic Analysis
2018-1-30,Reports on Business Throughout U.S.: New York Philadelphia Boston Chicago St. Louis Cleveland Richmond Atlanta Kansas City Minneapolis San Francisco Dallas
2018-1-31,Protecting Banks In a Severe Slump
2018-2-1,A Proposal to Eliminate Unemployment
2018-2-2,MARKET WATCH: The Bears on This Message Board Had Enron Pegged If only investors had listened to Janis Joplin 298.
2018-2-3,Latest Data Hint Fed Will Hold Rates Steady: Latest Economic Data Hint That Fed Will Hold Rates Steady
2018-2-4,Real Estate: A development of mansions -- around a Nicklaus golf course -- rises in Westchester estate country.
2018-2-5,I.D.S. Executive Sees Profit Outlook as Key to Market: EARNINGS VIEWED AS KEY TO MARKET
2018-2-6,Elderly In Nassau Feel Bite Of Inflation
2018-2-7,A Look at Reserve's Unsuccessful Try to Quit Retail Data-Gathering: DATA COLLECTING WON'T BE SHIFTED
2018-2-8,On the Endangered List: The 'Instant Book': 'Instant video' and high costs threaten the mass-market paperbacks.
2018-2-9,"With Vacancies Rising, Watchword Is Caution: IN THE NEW YORK REGION IN THE NEW YORK REGION IN THE NEW YORK REGION"
2018-2-10,Latin Debt Strategy Assessed: U.S. Plan on Latin Debt Assessed
2018-2-11,"So Sweet, So Sensitive, So Self-Absorbed, So 70's"
2018-2-12,Counting the Unemployed Is Partly a Political Exercise: An Issue for Democrats
2018-2-13,Economic Scene: Does Recession Cure Inflation?
2018-2-14,Publishers Turning to Packagers and Freelances to Reduce Expenses: 300 Companies Listed 20 Writers and Editors
2018-2-15,RED THREAT HELD STORES' ISSUE TOO: McNair Calls U. S. Survival Paramount -- 60 Billion for Defense Seen Feasible RED THREAT HELD STORES' ISSUE TOO
2018-2-16,RATES AT RECORD IN BOND MARKETS: High-Quality Corporates in Demand From Investors CREDIT MARKETS: RATES AT RECORD
2018-2-17,"Deficit Figure to Grow, Regan Tells House Unit: Deficit Figure to Grow, Regan Tells House Unit"
2018-2-18,The Fed as Allocator: Primmer Theme Wins Support
2018-2-19,BANKER DEPLORES 'EASY MONEY' ERA: Retiring Head of State Group Says Low Interest Favors Mutual Institutions BANKER DEPLORES 'EASY MONEY' ERA
2018-2-20,"Broadway Is in Its Worst Slump in a Decade: Broadway Theater, at Season's Midpoint, Is in Its Worst Slump in a Decade"
2018-2-21,Growth for First Quarter Is Now Put at 3.9%
2018-2-22,"STOCKS SOON LOSE EARLY STRENGTH: General Motors Pact Acts as a Tonic When the Company's Stock Hits 21-Year High BUT INDEX DIPS 0.10 ON DAY Late Selling Sends Turnover to 1,850,000 Shares--517 Losses, 351 Gains Shown General Motors Active Early Rail Issues Decline"
2018-2-23,Some Magazines Are Publishing Biggest September Issues Ever: Advertising Some Magazines Publish Big September Issues
2018-2-24,Commercial Banks Join Port Authority Bidding
2018-2-25,"STOCKS ARE LOWER ON THE FINAL DAY OF A BRUTAL YEAR: NASDAQ'S WORST STRETCH Many Analysts Cautious About Start of 2001, Expecting New Earnings Warnings. Share Prices Finish Lower On Last Day of Tough Year Stock Leaders and Laggards In the Fourth Quarter Hot & Cold The Favorites"
2018-2-26,Bonds Sag on Inflation Signs; Benchmark Yield Is at 7.16%
2018-2-27,Operation of Federal Reserve Revealed in Part by 2 Reports: System Moves to Answer Charges of Undue Secrecy--Split Disclosed on Decision to Curb Credit Slightly RESERVE SYSTEM EXPLAINS ACTIONS
2018-2-28,"The Dow Takes Another Beating, Falling 355 Points: All Stocks in Index Decline; Consumer Confidence Drops"
2018-3-1,The Dollar: Shrinkable But (So Far) Unsinkable
2018-3-2,"U.S. JUDGE OVERTURNS JOBLESS PAYMENTS IN NEW YORK STRIKES: SUIT FILED BY PHONE COMPANY Businessmen Hail Ruling on Benefits After 7 Weeks, but Labor Leaders Are Critical--State to Appeal JOBLESS PAYMENTS FOR STRIKERS VOIDED"
2018-3-3,SIDELIGHTS ON THE FINANCIAL AND BUSINESS DEVELOPMENTS OF THE DAY
2018-3-4,CONGRESS BALKING: Automatic Spending Cut of $23 Billion Put in Motion by Reagan Agreement Is Signed to Cut Budget Deficit $30 Billion
2018-3-5,Youth Homes Fear Aid Cuts
2018-3-6,The Language of Money: THE GLOBAL BANKERS By Roy C. Smith. 405 pp. New York: Truman Talley Books/E.P. Dutton. $22.50.
2018-3-7,"Jobless Rate Rises to 6.8% as Economy Stalls: Jobless Rate Edges Up, Hitting 6.8%"
2018-3-8,A Flight to Safety That Slowed by Day's End: Market Place
2018-3-9,Economy: New Threat of Tight Money
2018-3-10,Bigger Credit Allowed On Costs of Child Care: Bigger Credit Allowed On Costs of Child Care
2018-3-11,"Jobless Rate Hit 6.2% in March, Slight Increase: 'Healthy Increase' in Jobs JOBLESS RATE ROSE TO 6.2% FOR MARCH A 'Pleasant Surprise' Job Rise Called a Puzzle"
2018-3-12,"DECLINE IN SALES IN CITY ANALYZED: Federal Reserve Bank Finds Growth in Competition Big Factor in Store Lag OTHER AREAS DO BETTER Gains in Suburban Population, Local Qualitative Changes Held Also Responsible"
2018-3-13,Stocks and Bonds Stage a Surprising Rally on Jobs Data: Rally for Stocks and Bonds Despite Strong Jobs Data
2018-3-14,Food and Gasoline Lead Wholesale Prices to Largest Monthly Increase Since 1974
2018-3-15,Market Place: Selling Assets To Lift Stock
2018-3-16,"Timing a Rate Cut: The Fed Acts Quickly: In 1990, Greenspan may have waited too long to ease credit. Timing a Rate Cut: Greenspan Takes Fast Action"
2018-3-17,"Freedom of Defiance: If the Reserve Board Uses It, a President Is Nearly Helpless"
2018-3-18,The Cost of Stagnation
2018-3-19,Net Reserves Rose $50 Million Last Week at Member Banks
2018-3-20,STOCKS & BONDS: New Bush Status Does Little To Fuel Sustained Rally; Investors More Concerned by Slow Growth. Treasury Prices Rise Hot & Cold The Favorites COMMODITIES CURRENCIES
2018-3-21,BLACK BUSINESSES ARE HARD-PRESSED: Recession Takes Heavy Toll of Sector That Has Tough Going in Normal Times BLACK BUSINESSES AREHARD-PRESSED
2018-3-22,Legislators Take Firm Stands on Pentagon Budget
2018-3-23,Charities Say Government Is Ignoring Them in Crisis
2018-3-24,INFLATION RATE ROSE BY 0.5% LAST MONTH ON WHOLESALE BASIS: LARGEST ADVANCE SINCE APRIL Index Shows Food Price Drop Is Leveling Off and Housing Boom Lifts Building Materials. INFLATION RATE ROSE BY 0.5% LAST MONTH
2018-3-25,Producer Prices Up Only 0.1%: October Data Spur Bond Market Rally Prices Paid To Producers Up Only 0.1%
2018-3-26,"Wholesale Cost of Butter and Cheese Goes Up, Heralding More Food Rises: Wisconsin Holds Key Rises Detailed"
2018-3-27,MARKET ZIGZAGS TO SLIGHT LOSSES: Key Averages Close at Lows for Day -- 747 Issues Drop and 325 Rise VOLUME IS 4.35 MILLION Wall St. Apprehensive Over Washington Reports -- Fairchild Camera Up MARKET ZIGZAGS TO SLIGHT LOSSES
2018-3-28,A Positive Turn Expected Soon In Stock Market: EXPERTS CONFIDENT OF MARKET UPTURN
2018-3-29,In the Wrong Job? Monster.com Wants Your Attention
2018-3-30,"Japan's Bank, as Expected, Leaves Key Rate Unchanged"
2018-3-31,2-Party Economic Approach Is Ford Goal: President Seeks a Two-Party Economic Approach Blame Enough for All
2018-4-1,Our Lost Best Chance
2018-4-2,"Stocks Pull Back, With Dow Falling 21.79 Points"
2018-4-3,"U.S. FACES STRAINS FROM GLOBAL JUMP IN INTEREST RATES: COMPETITION FOR FUNDS Surge in Japan and Germany Puts Pressure on Weaker Economy in America Worldwide Increase in Interest Rates Is Untimely for the U.S. For the first time in 2 years, Japan's rates compete with those in the U.S."
2018-4-4,Stock Slide Ripples Through Voters
2018-4-5,Banks Face Criticism Over Mortgage Loans: Mortgage Race Data Show Gap Fed Has Apprised Bankers of Disparity In Loan Approvals Fed Report Finds Disparity in Mortgage Lending to Minorities
2018-4-6,"EASING OF DECLINE IN LENDING IS SEEN: Loans for Business Virtually Unchanged, Report of Banks of Reserve System Shows"
2018-4-7,"Who's for More Inflation and Who Isn't: Nobody actually likes rising prices, but more and more people are suddenly willing to say that the alternative just might be worse. Who's For Or Against Inflation"
2018-4-8,Prospects
2018-4-9,Fed Ends Its Purchasing Of Mortgage Securities
2018-4-10,Consumer Prices Increased 0.3% in August: Consumer Price Index Went Up 0.3% in August
2018-4-11,"FURTHER ADVANCES MADE BY STOCKS: Lack of Selling Helps Market Rally With Ease -- Averages Score Gain of 0.91 Point AMERADA BIG PERFORMER 22-Point Gain Early Shaved to 17 -- 582 Issues Higher, With 259 Lower"
2018-4-12,Reflections of Alfred Kahn: He Won: Some Battles But Lost the War Alfred Kahn's Inflation Scorecard
2018-4-13,Rise in Short-Term Rates Persists: Moves in Oil Prices And Dollar Are Cited
2018-4-14,Chavez Threatens to Jail Violators of Price Controls
2018-4-15,Airlines Fearing a Vicious Circle Of Weak Finances and Low Morale: Squeezing Labor Costs
2018-4-16,Boeing Pension Fund Shifting Out of Stocks: Boeing Fund Shifting Out of Stocks
2018-4-17,Rates Dip on Modest Demand: Fed's Buying Helps Prices
2018-4-18,A Producer-Director-Actor-Memoirist: FINAL DRESS By John Houseman. Illustrated. 559 pp. New York: Simon & Schuster. $19.95. John Houseman
2018-4-19,Stocks Rally As Dow Gains 13.51: Rise Confined Mainly To Blue-Chip Shares And Takeover Issues
2018-4-20,"Aluminum Expands, Still Cocky as Ever: COCKY ALUMINUM KEEPS EXPANDING"
2018-4-21,Most of Idle Avoid Relief As Other Aids Ease Burden: Small Increase in Lists Indicates Social Security Plans Play a Bigger Role Than Anti-Recession Measures Most of Jobless Avoiding Relief As Other Aids Ease the Burden
2018-4-22,Companies Calm About Interest Rise: Companies Calm About Interest Rise
2018-4-23,SPAIN NOW MOVES TO SPUR ECONOMY: On Verge of Bankruptcy Franco Finally Agrees to Reform Measures
2018-4-24,Problems Seen for Tax-Exempt Bonds
2018-4-25,Beyond The Noise On Free Trade
2018-4-26,"$140,000 -- And a Bargain: College tuition has increased significantly faster than inflation. But there actually are reasons."
2018-4-27,NEW LAW TERMED SPUR TO INFLATION: Executives of Industry Fear Congress Acted Too Late to Halt Price Rises OPPOSITE EFFECT LIKELY New Laws 'Assume Business Has Powers Independent of Supply and Demand'
2018-4-28,Navajos Say Cuts in U.S. Aid May Bring 'Disaster': All Tribes Are Troubled Funds for Jobs Lost Gains of the Past Wiped Out Roads Are Primitive
2018-4-29,Season Pulls Many To Christmas Clubs: Interest-Free Christmas Clubs Gain
2018-4-30,Compromise on Regulation Of Index Futures Advances: Compromise on Regulation Of Index Futures Advances
2018-5-1,"Alaska's Stain: Delicate Balance Undone: As Oil Stain Spreads, the Delicate Balance of Resources Is Undone"
2018-5-2,Racial Issues Split City Deeply: City's Ethnic Groups Seriously Divided on Issues Rooted in Race School Busing Attention to Minorities Some Revealing Queries Welfare Housing Open Admissions Neighborhood Assessments Racial Discrimination Some Bonds Detailed
2018-5-3,Pace of New Jobs Calms Recession Fears
2018-5-4,A Media Approach to Inflation
2018-5-5,Dow Off a Bit As a Volatile Month Ends: Average in January Rose a Solid 5.7%
2018-5-6,Rates Are Mostly Unchanged: 3-Month Bill Sold at 9.04%
2018-5-7,Rate War Grips Rent-a-Cars: Hertz Assails TV Ads Run By Budget A Pitch Aimed at Businessmen An Eye on the Leisure Market Rate War Breaks Out in Rent-a-Car Industry Fixed Expenses Rising Rapidly Rates at Smaller Companies Salvos Exchanged in Rate War
2018-5-8,ECONOMICS AND FINANCE: A 'Preventive' Investigation ECONOMICS AND FINANCE
2018-5-9,ARCHITECTURE VIEW: What's Best for Business Can Ravage Cities ARCHITECTURE VIEW What's Best for Business Can Ravage Cities
2018-5-10,Economic Spotlight
2018-5-11,Britain Raises Bank Rate To 5% to Check Inflation: BRITISH INCREASE BANK RATE TO 5%
2018-5-12,Island Pays For City Debt: Paying City's Debts
2018-5-13,Study Calls Inflation Main Foe: Central Bankers Urge Austerity A Commitment to Slower Growth West Is Urged to Press Battle Against Inflation A Less Negative Outlook
2018-5-14,Miscalculations in Times Square: Project Shows That Renewal Needs More Than Bulldozers
2018-5-15,The Satisfaction Boom: IN THE NATION
2018-5-16,Market Place: Stocks Rally; Caution Voiced
2018-5-17,Economists Optimistic on '84: A Sustained Recovery Seen Economists Are Optimistic on '84
2018-5-18,Confidence Of Consumers Remains High: Index Moves Up Despite October Drop in Stocks Confidence Of Consumers Remains High
2018-5-19,How Writing Is Linked To Destroying the World: Richard Rhodes HOW TO WRITE Advice and Reflections By Richard Rhodes 229 pages. William Morrow & Company. $23. THE COURAGE TO WRITE How Writers Transcend Fear By Ralph Keyes 229 pages. Henry Holt & Company. $17.95.
2018-5-20,In America: The Crime Fighter
2018-5-21,POINTS OF VIEW Inflation's Toll on Capital Gains
2018-5-22,LIVING STANDARD SHOWS SHARP GAIN: Federal Reserve Ascribes It Mainly to Stable Prices as Output Sets Record LIVING STANDARD SHOWS NEW GAIN
2018-5-23,Bankers Seek Credit Restraints: Expanding Business and Rising Prices Cited by A.B.A. BANKERS SEEKING CREDIT RESTRAINT Regulation Excesses to Be Opposed by Industry Chief NEW A.B.A. CHIEF: J. HOWARD LAERI
2018-5-24,Stock Impact Feared Grave In New York: Forecasters See Severe Shocks After Collapse
2018-5-25,Dollar Ebbs in Thin Trading; Many Await Central Bank Cuts
2018-5-26,"U.S.-ISSUE PRICES DECLINE SLIGHTLY: Reserve Purchase of Bills Fails in Buoying Effect Bonds: Prices of Government Securities in a Slight Decline RESERVE MAKES BOLSTERING MOVE Fanny May Schedules Sale of $350-Million in 6%, 3-Year Debentures"
2018-5-27,"Money Supply Slips, but Effect On Inflation Is Open to Debate: Debate About the Signals Growth Faster than Planned 'Federal Funds Near Peak'"
2018-5-28,Reagan and Congressional Chiefs Meet to Lay Budget Groundwork: Reagan and Congressional Chiefs Meet on Deficit Republicans are warm to a freeze; Democrats are cool to it.
2018-5-29,"Market Message: Business Up, Bonds Down"
2018-5-30,Jobs and the Economy: Latest Rise in the Unemployment Rate Doesn't Necessarily Signal a Downturn Rise in the Unemployment Rate Doesn't Necessarily Mean Dip Corporate Profits Strong
2018-5-31,"In a Time of Plenty, The Poor Are Still Poor: Unequal Expansion for All?"
2018-6-1,"The Week in Finance: Stock Market Shows Sharp Decline Average at Low Since July, 1958 WEEK IN FINANCE: STOCKS DECLINE"
2018-6-2,STOCKS & BONDS: Blue-Chip Earnings Reports Put Some Investors on Edge Dow Down Slightly; Nasdaq Closes Higher Treasury Bonds Fall Hot & Cold The Favorites
2018-6-3,"Public Jobs Agreed Upon, With Wider Help to Idle: Conferees Vote Public Service Jobs and Wider Benefits for Idle"
2018-6-4,U.S. LIFTS MARGINS ON STOCKS TO 60%: Orders Rise From 50% in Bid to Control Speculation on Record Boom Market U. S. LIFTS MARGIN ON STOCKS TO 60%
2018-6-5,Yuppies' Last Rites Readied: Some See End To Excesses
2018-6-6,RESERVE OFFICIAL AFFIRMS SYSTEM: Philadelphia Bank's Chie Favors Independence RESERVE OFFICIAL AFFIRMS SYSTEM
2018-6-7,Bush and the Economy: Any Cure for the Jitters?
2018-6-8,"Challenged On 2 Fronts, Fed Leaves Rate Alone"
2018-6-9,Reserve Finds No Letup In Money Supply Growth: NO LETUP IS FOUND IN MONEY GROWTH
2018-6-10,A Fiscal Train Wreck
2018-6-11,Reports on Business Conditions Throughout U.S.: New York Philadelphia Boston Chicago St. Louis Cleveland Richmond Atlanta Kansas City Minneapolis San Francisco Dallas Retail Store Sales
2018-6-12,The Fed Draws Fire From Many Fronts
2018-6-13,U.S. Unemployment Rate Rose Last Month to 4.4%: Jobless Rate Increases to 4.4%; March Total a Million Over '69
2018-6-14,"SENATORS, 53 TO 14, VOTE $6.1-BILLION FOR PUBLIC JOBS: Conferees to Get Measure for a Million Positions Veto Possibility Raised Senate, 53-14, Votes $6-Billion For Million Public Service Jobs"
2018-6-15,Beyond The Paper
2018-6-16,Reagan Vows Veto of Any Tax Hike
2018-6-17,The Indexes Surge to Their Highest Closes Since 2001
2018-6-18,"Economy Hits Energy Prices, And the Brakes"
2018-6-19,"PRODUCER PRICES UP ONLY 0.4% FOR MAY, LOWEST IN 9 MONTHS: BLUMENTHAL HAILS RESULTS Index Suggests a Possible Easing of Inflation as Costs Decline for Food, Rise for Energy Contrast With Earlier Rises Favorable Economic Forecast Producer Prices Up 0.4% In May, Least in 9 Months Earlier Forecast Shaved Extent of the Oil Shortage Slow Growth Anticipated"
2018-6-20,"Installment Credit Sets Record, Rising a Half-Billion in October"
2018-6-21,"BANK STOCKS DIP AS INTEREST RISES: Sales by New England Thrift Units, Seeking Mortgage Funds, a Prime Factor BANK STOCKS DIP AS INTEREST RISES"
2018-6-22,"18.85 Gain Puts Dow At 2,071.30: Gain of 114.86 Points In Week Sets Record, But Many Are Wary Dow Rises 18.85, to 2,071.30; Week's Point Gain a Record"
2018-6-23,WASHINGTON How Not To Fight Inflation
2018-6-24,"ADVERTISING: AT&T Image Campaign Accentuates the Positive, Not Products"
2018-6-25,"Suddenly, Critics Are Taking Aim at Greenspan: In a Major Shift, Critics Speak Against Greenspan"
2018-6-26,MARKET CLIMBS IN HEAVY TRADING: 832 Stocks Rise as 369 Fall Savings-and-Loan Issues Stir Traders' Interest WEEK'S VOLUME A HIGH Late Rush Helps Lift Day's Turnover to 12.01 Million Dow Index Climbs 4.34 By JOHN J. ABELE MARKET CLIMBS IN HEAVY TRADING
2018-6-27,"If Deflation Hits, It's a Whole New Game: If Deflation Hits Home, It's a Whole New Game"
2018-6-28,Market Place: Food Stocks Still Favored
2018-6-29,Fed's Talks This Week To Yield Signs on Goals: Fed's Talks This Week Will Yield Signs on Goals The reaction to election-year pressure will be watched.
2018-6-30,Treasury Prices Fall on Jobs Report
2018-7-1,Job Figures Lift Yields on U.S. Issues: By H.J. MAIDENBERG Small Rise in Jobless Rate Lifts Yields on U.S. Issues
2018-7-2,Economic Scene: Inflation Fight: High-Cost Task
2018-7-3,"On the Dole, a Time 'to Relax'"
2018-7-4,"Interest on Deposits Falls, But Loan Rates Stay High: Banks Are Using Added Profits to Cover Losses Deposit Interest Drops, But Loan Rates Stay Up"
2018-7-5,Europe Isn't Divided In Its Joblessness
2018-7-6,BIG INCREASE DUE IN BOND ACTIVITY: Offerings by Corporations and Farm Agency to Top $1-Billion This Week BIG INCREASE DUE IN BOND ACTIVITY
2018-7-7,Reverse Foreign Aid: Why are poor countries subsidizing rich ones?
2018-7-8,Optima Credit Card to Charge Higher Rates to Riskier Holders: American Express has a new strategy: reward or punish.
2018-7-9,Skirting the Budget
2018-7-10,"Float Shows Decrease of $307,000,000; Excess Reserves Decline $334,000,000"
2018-7-11,Medicare Expansion: The Debate Over Spending
2018-7-12,CHAINS OFFER PORK AS A 'LOSS LEADER': Many 'Specials' Are Retailing Below Wholesale Level -- Poultry Prices Attractive
2018-7-13,Producer Price Surge Fuels Inflation Fears
2018-7-14,"As Crime Drops in Midtown, Even Criminals Credit Police: Crime Falls in Midtown; Criminals Credit Police 'Too many cops in sight -- it's intimidating.'"
2018-7-15,Hanes Backs Congress Cuts In Income Taxes and Budget: HANES URGES CUTS IN TAX AND BUDGET
2018-7-16,Treasury Prices Are Fueled By Hopes of Rate Reduction: Long Bond's Yield Hits Two-Year Low
2018-7-17,"Stocks Rally, Then Retreat; Dow Off 9.76: Holiday Weekend Seen As a Possible Factor"
2018-7-18,"TIGHTER BANK CURBS ASKED IN STOCK DEALS: S.E.C., in a Report to Congress, Seeks Investor Protection TIGHTER BANK CURBS ASKED IN STOCK DEALS"
2018-7-19,People and Business:: Job Distortion Is Seen for June
2018-7-20,"Inflation: It may only hurf a little: Debtors win, lenders lose Meat prices soar, but Americans eat more and more beef. Why? Because their real wages are soaring, too. The poor The elderly The young Business Catching up The wealthy A summary judgment The future"
2018-7-21,The Consensus for '78 Business: A Relatively Good Year
2018-7-22,"Bonn Chancellor Bids Ford,Act With Care on Inflation: Warns in Interview That Extreme Moves by U.S. Could Upset World Economy--Asks Day to-Day Consultation Bonn Chancellor Bids Ford Act Cautiously on Inflation Sees Problem of Coping"
2018-7-23,California Rides Defense Boom: U.S. Spending Cushions Effect Of Recession Effect of National Policies California Rides Defense Boom 'Not a Heavy Industry State'
2018-7-24,Commercial Paper's Growth: New Debtors Enter Market Commercial Paper Market Growing With New Borrowers
2018-7-25,Gold Mutual Funds Led First Quarter's Winners: Gold Mutual Funds Head Gains List
2018-7-26,THE ECONOMIC SCENE: The Truth Is in Between
2018-7-27,Lack of U.S. Crisis Puzzles Soviet; Economists Meet but Cannot Agree: LACK OF U.S. CRISIS PUZZLES RUSSIANS
2018-7-28,Steep Rise in Mortgage Rates Ended in September at 7.23%: MORTGAGE RATES END STEEP CLIMB
2018-7-29,Improvement in Retail Profit Expected: Winter Weather Blamed Varied Merchandising Approaches Higher Retail Profits Expected
2018-7-30,BUSINESS LOANS CLIMB FOR WEEK: Gain 297 Million at Banks Here -Gold Stock Off BUSINESS LOANS CLIMB FOR WEEK
2018-7-31,MARKET WEEK: Redoing The Math Of an Index
2018-8-1,Dollar's Moves Measure Impact of U.S. Events
2018-8-2,"STOCKS ADVANCE IN BRISK TRADING: Upturn in Market Continues for Second Straight Day as Volume Expands WALL ST. IS OPTIMISTIC Airlines, Rails and Sugars Set the Pace for Gains --Averages Edge Up Business News Mixed Majority View STOCKS ADVANCE IN BRISK TRADING Sperry Rand Eases. Dymo Advances Allis-Chalmers Gains"
2018-8-3,THE FINANCIAL WEEK: Collapse of Steel Wage Negotiations Ruffles Stock Market -- Military Production to Be Met
2018-8-4,Restraints On Credit Considered: Authority Already Exists Restraints On Credit Considered
2018-8-5,WASHINGTON: A Late Filing for Tax-Cut Plans WASHINGTON A Late Filing On Tax Plan
2018-8-6,"U.S. JOBLESS RATE CLIMBS TO 10.8%, A POSTWAR RECORD: 11.9 MILLION OUT OF WORK Democrats Seize on November Figures and Demand Fast Action on Job Program Unemployment Rate in U.S. Rose to 10.8% in November"
2018-8-7,Gold's Rally Gams Momentum With a Surge to a 4-Month High
2018-8-8,Coalition Seeking More Aid for Puerto Ricans
2018-8-9,CREDIT MARKETS Short-Term Rates Edge Higher: New Bonds Get Cool Reception Certificates of Deposit 18 % Dealers Trim Bond Inventories
2018-8-10,Home Builders See Recession And Blame the Savings Crisis: Housing Recession Seen As Saving-Crisis Fallout
2018-8-11,"Fast Growth In Economy After 9/11: Income Is Rising, But Jobs Lag in City"
2018-8-12,"For Heath, Old Issues: After Two Years in Power, Problems Are Still Ulster, Economy, Rhodesia"
2018-8-13,"JOBLESS RATE ROSE TO 7.5% FOR MAY, HIGHEST SINCE 1984: POLITICAL FALLOUT IS SEEN Big Increase in Job Seekers -- Democrats Push to Revamp Unemployment Benefits Jobless Rate Rose to 7.5% Last Month"
2018-8-14,"Tax Revenues Lag, Threatening to Double Deficit: Tax Revenues Lag, Threatening to Double $73 Billion Deficit The recession may have ended five years of positive revenue surprises."
2018-8-15,Interest Rates Move Lower: $800 Million Rise in M-1
2018-8-16,Shultz Calls Trade Key to Recovery
2018-8-17,Dukakis Says Government Caused Stock Plunge: He calls promise to balance the budget a fairy tale.
2018-8-18,"In a Downturn, Cut Profits Before Jobs: A decline in wages has more economic impact than a dividend drop."
2018-8-19,CONSUMER PRICES CLIMB TO RECORD: Index for February Is 104.8 6-Month Stability Ends Price Index at Peak in February As Cost of Food Leads the Rise
2018-8-20,The Job Engine Sputters: What's left? A city of financiers and bureaucrats.
2018-8-21,Bonds: Government Issues Fall Sharply on Vietnam Bombing: INTEREST RATES VIEWED AS RISING Response to New 5s Called Disappointing--Corporate Offerings Are Planned Higher Interest in View More Corporate Coming
2018-8-22,Technology Rally Fails To Lift Market: Surge by I.B.M. Spares The Dow a Steeper Fall A Rally in Technology Stocks Fails to Lift the Wider Market
2018-8-23,Article 3 -- No Title: Cycle Experts See No Signs Of a Downturn A Four-Part Pattern Decline Is Evaluated Expansion Now 4 Years Old Experts Find No Downturn Other Areas Examined More Income Growth Seen
2018-8-24,Consumer Confidence Shows Big Rebound
2018-8-25,"WHAT'S ONLINE: Cuts, Cream, Claus and Coffee"
2018-8-26,Washington & Business: Inflation Impact Project to Continue Washington & Business: Project On Inflation Impact Continues
2018-8-27,Focus Remains on Fed Policy: Its Direction Is Debated
2018-8-28,"MARKET TOUCHES LOW SINCE APRIL: Average Drops 4.19 Points on Thin Volume -- Values Off Nearly 2 Billion 5 NEW HIGHS, 46 LOWS Nafi, Most Heavily Traded, Climbs 3/4 -- Air Carriers Breast Downtrend MARKET TOUCHES LOW SINCE APRIL"
2018-8-29,"Stock Prices in New Plunge, With Loss Widest in 2 Years: Continued Pressure of Offerings Spurs Violent Liquidation -- Day's Turnover Reaches 2,500,000 Share Total STOCKS PLUMMET IN HEAVY SELLING"
2018-8-30,"EMBEZZLING RISES 400% IN TEN YEARS: Losses in 1955 Were About $500,000,000--Parallel to Inflation Noted MORE CAUTION NEEDED Employers Urged to Study Internal Controls, Cash Receipts and Auditing Few Bond All Workers EMBEZZLING RISES 400 IN TEN YEARS"
2018-8-31,"BANK LOANS SHOW ANOTHER BIG FALL: Total Decline Last Week Put at $186,000,000 -- Loans to Brokers Are Off"
2018-9-1,"REAGAN APPEALS TO CONGRESS FOR HIS ECONOMIC PLAN, SAYING HE IS RECOVERED BUT U.S. ISN'T: ADDRESS IS VIGOROUS Amid Applause, President Asserts His Proposal 'Is the Only Answer' Program Presented as a Cure Focus on Two Measures Reagan Bids Congress Vote Economic Plan"
2018-9-2,Bond Prices Fall on Better Job Picture
2018-9-3,CAPITAL MARKETS SHOW BRISK GAIN: Rates Retreat Broadly as Prices Move Upward
2018-9-4,"WALL STREET FAILS TO BUILD ON RALLY SEEN IN HONG KONG: DOW SINKS AGAIN, BY 132 U.S. Rebound Fizzles on Fears of Deepening Asia Turmoil -- Thai Crisis Deepens Hong Kong Rebounds, but U.S. Rally Fades"
2018-9-5,Market Place: How Banks' Trust Departments Did
2018-9-6,"CONNALLY PLACES DEFICIT IN BUDGET AT $40-BILLION: Asks Business to 'Applaud' It 'for Restoring Vitality to This Economy' Deficit Is Close to $40-Billion, Connally Tells Business Group"
2018-9-7,"DOLLAR'S DECLINE BATTERS STOCKS: Market Shows Early Rise, But Slides Later-Index Falls 5.42-Volume Up Decline in the Dollar Batters Stocks Market Averages Percentage Gains Percentage Drops New'72-73 Highs/Lows Odd-Lot Transactions"
2018-9-8,New-Home Sales Hit 5-Month Low in April: Rising Interest Rates Thought to Be Factor Leading Indicators Prices of New Homes
2018-9-9,Dow Off 3.02; Technology Stocks Up
2018-9-10,Paying New York's Jobless: Abuses Under Existing Unemployment Compensation Law Charged
2018-9-11,Dow Falls 30.19 as the Fed Stands Pat
2018-9-12,"RESERVE DRAINS IDLE BANK FUNDS: Sells $306,525,000 of Its Government Holdings -- Float, Gold Reduced"
2018-9-13,"Dollar Skids, Despite Stock Rally and a Strong Jobs Report"
2018-9-14,Takeover Bids Helped Stocks: Takeover Offers Spurred Stocks
2018-9-15,How Fallout Could Affect Main Street: YOUR MONEY
2018-9-16,"Are Corporations Less Charitable?: Not Selfish, Sophisticated"
2018-9-17,Interest-Rate Stability: Erratic Movements of Post-War Era Appear to Have Yielded to Mild Shifts INTEREST RATES SHOW STABILITY
2018-9-18,A 3rd Rise in Core Wholesale Prices Spurs Concern Over Inflation
2018-9-19,Text of Harriman's Statement on Financing Interim Aid
2018-9-20,Market Mixed as Technical Recovery Counters Many Sharp Earlier Losses: Blue Chips and Glamours Are Biggest Losers--Trading Is Heavier Leading Stocks at New Lows BIG BOARD ERASES EARLIER LOSSES New 1974 Highs/Lows Odd-Lot Transactions Dictaphone Tumbles Gold Mining Issues Up
2018-9-21,California Imposes Curbs on the Use of Natural Gas To Aid Shipments to Hard-Hit Eastern Half of U.S.
2018-9-22,"Needed: Alliance, Not Militance"
2018-9-23,Searching The Economy For Guidance
2018-9-24,Jobless Data Show Blacks Joining Economic Recovery: Unemployment Rate Lowest Since 1974
2018-9-25,SPOTLIGHT: Chicago's Option Maker
2018-9-26,Views Given by Klein and Others as Signs of World Lag Grow: SPUR FOR ECONOMY IS URGED ON CARTER
2018-9-27,Listen Closely. Are Those Your Stocks Bouncing Off the Floor?
2018-9-28,Can We All Sleep Under Bridges?: THE BANKRUPTING OF AMERICA How the Federal Budget is Impoverishing the Nation. By David P. Calleo. 301 pp. New York: William Morrow & Company. $22.
2018-9-29,Economic Scene: The Fed is trapped between expectations and reality.
2018-9-30,Old Refinancing Rules Are Out the Window
2018-10-1,LINDSAY OUTLINES AID FOR JOBLESS: Plans Door-to-Door Study of Needs and Neighborhood Employment Centers Lindsay to Set Up an Employment Program in Neighborhoods
2018-10-2,Jobless Data Push Down Bond Prices: Yield Up to 6.59% For 30-Year Issue
2018-10-3,Silence and the Budget: Government Held Unusually Reticent On Likelihood of Ending Year in Red
2018-10-4,Long-Term Rates Lifted By Job Data: Long-Term Interest Rates Continue to Rise
2018-10-5,Banks Increasing Fees for Loans And Services to Individual Clients: Individuals' Bank Fees Being Sharply Raised
2018-10-6,"At the Fed, It Looks Like Deja Vu, Again: Deja Vu at the Fed as Prosperity Recedes"
2018-10-7,"TRUMAN IS DISPUTED BY RESERVE BOARD: Record of Talk With Him Cited to Show It Did Not Pledge Bond Policy, as He Reported President Mentions 'Assurance' TRUMAN DISPUTED BY RESERVE BOARD Record Approved by All Members McCabe's Remarks Recalled President Is Quoted"
2018-10-8,Europe's Surprising Recovery: Analysts Surprised By the Recovery
2018-10-9,The Missing Social Contract
2018-10-10,"HIGHER RATES SEEN, THOUGH NOT BY ALL: Maverick Analyst Says Economy Is Weaker Than Others Think The Majority Opinion Inventory Caution Seen Restraint on Outlays"
2018-10-11,NEW MOVES TO STRENGTHEN THE U.S.-MEXICO PARTNERSHIP: NAFTA is at the center of Mexico's free trade network Latin America's largest economy is increasingly viewed as a key member of the North American market by companies around the world
2018-10-12,"In This Recession, Bad Times Do Not Bring More Crime (If They Ever Did)"
2018-10-13,PORTFOLIOS: Inflation's Uptick Clouds outlook for the Bond Market
2018-10-14,"Mortgage Rates Fall, but Many Banks Still Limit Loans: LONG ISLAND HOUSING"
2018-10-15,"In Slack Economy, Office Spaces on Suffolk's Route 110 Go Begging for Tenants"
2018-10-16,A Start on Health Care Reform
2018-10-17,CREDIT MARKETS Analysts Split on Rate Direction: A New Prime Peak? Sharp Disagreement Key Rates
2018-10-18,"INDUSTRIAL LOANS OFF $249,000,000: Borrowings Declined in All Districts Last Week"
2018-10-19,Inflation-Productivity Puzzle: Capital Outlays May Be Hurt 'Distorts Investment Incentives' Inflation vs. Productivity Factors Behind Aberration Puzzled by Hiring Wave Changes in Society Energy Cost Stressed
2018-10-20,Economic Scene: Erring on the side of fighting inflation at the expense of jobs.
2018-10-21,Finding Your Way In a Crowd: Talking Closings Finding A Way in A Crowd
2018-10-22,FOWLER DOUBTFUL ON INTEREST MOVE: Says That Increase in Rates Will Probably Fail to Cut Flow of Dollars Abroad FOWLER DOUBTFUL ON INTEREST MOVE
2018-10-23,Threat of Municipal Default Tightens Disclosure ofRisk
2018-10-24,Runaway Prices Jolt 3 Latin Countries: Labor Strife Is Constant Chile Renegotiates Debt
2018-10-25,FEDERAL RESERVE PUTS MONEY POLICY TO TEST: Increase in Discount Rate Raises Basic Economic Questions
2018-10-26,"DOW DROPS 148.36 AS REPORTS SHOW SIGNS OF INFLATION: '97 GAINS ARE WIPED OUT Data on Producer Prices and Retail Sales Intensify Fear of Rising Interest Rate Dow Falls 148.36, Wiping Out the Last of This Year's Gains"
2018-10-27,Volcker Disavows Role in Rate Rise: Fed Denies Lifting Rate
2018-10-28,"From 2 Rivals, 2 Prescriptions"
2018-10-29,BANKER SEES PERIL TO U. S. STABILITY: Burgess Says Deficit Spending and G.I. Dividend Payment Are Threats of New Inflation BOND SUPPORT IS DEBATED Members of Congress Are Told There Is No Obligation to Hold Securities at Par BANKERS SEES PERIL TO U. S. STABILITY
2018-10-30,"DINKINS PROPOSES EFFORTS TO ROUSE NEW YORK ECONOMY: OPTIMISM IN HARD TIMES State of City Speech Is Mixture of Ideals and Initiatives for Middle Class and Poor Dinkins Proposes Efforts to Rouse Struggling New York Economy The Mayor offers ideas now, details later this month."
2018-10-31,Market Place|: Uncertainty Causes Selling
2018-11-1,Airline Issues Strong; Dow Up 1.06
2018-11-2,Anticipating the Mood: Retailers Check the Pulse
2018-11-3,Bonds Retreat As Fed Stance Is Reassessed: Profit Taking Comes Ahead of Note Sale
2018-11-4,Market Place:
2018-11-5,"Unemployment Falls Again, But Job Growth Is Moderating: U.S. Unemployment Rate Falls to 4.2%"
2018-11-6,Peking Says Nixon's New Policy Places Burden on the Workers
2018-11-7,Recovery Expected to Be Weak: Little Stimulation By Government Seen Economic Recovery Is Expected to Be Sluggish Budget constraints and inflation fears make Government steps unlikely.
2018-11-8,FEDERAL RESERVE CUTS ITS KEY RATE BY QUARTER-POINT: STOCKS TAKE SHARP DROP; Seventh Reduction This Year Comes as Debate Continues Over Future of Economy Federal Reserve Cuts Rates for Seventh Time This Year Text of Federal Reserve's Statement
2018-11-9,Groping for Standards
2018-11-10,Recession? It's All in the Mind
2018-11-11,STOCKS & BONDS: Gauges Are Down as Many Energy Issues Are Hammered Treasury Prices Rise Hot & Cold The Favorites
2018-11-12,A Birthday Surprise
2018-11-13,FRANCE ASKS U.S. TO REDUCE RATES: Britain Joins in Urging That Washington Cut Cost of Short-Term Loans FRANCE ASKS U.S. TO REDUCE RATES
2018-11-14,Bond Market Continuing Its Swing to Lower Yields: Kennecott's $200-Million Debenture Issue Fails to Depress Prices Credit Markets: Price Rises Continue
2018-11-15,First Major Test Finds Sales Are Sluggish After U.S. Squeeze: CREDIT MARKETS: BOND SALES DRAG
2018-11-16,"Sears, Other Leading Retailers Report Lower Third Quarter: Sears, Roebuck May Department Stores EARNINGS Carter Hawley Hale Allied Stores Corporation Federated Department"
2018-11-17,Brimmer Lauds Black Business
2018-11-18,Analysts See Rally Coming: Post-Election Stock Outlook
2018-11-19,"The Uncertain Legacy of the Crash: The market plunge hasn't wrecked the economy, but people are haunted by the memory. The Uncertain Legacy of the Stock Market Crash"
2018-11-20,Incentives For Buying A Home: Homes
2018-11-21,No End to Growth: People Are Spending With Abandon And U.S. Goods Are Selling Overseas No End to Growth: Consumers and Exports Rally
2018-11-22,Drop in Food Costs Slows Rise in Wholesale Prices: Rise of Wholesale Prices Slower as Food Declines
2018-11-23,"STOCKS DECLINE; AVERAGE OFF 1.60: More Issues Rise Than Fall -- Trading Pace Steady at 3,956,620 Shares 100 NEW HIGHS, 9 LOWS Pennsylvania Railroad Gains 5/8, to 17 5/8, as the Day's Most Active Security STOCKS DECLINE; AVERAGE OFF 1.60"
2018-11-24,Christmas vs. Inflation: Buying Is Off: Differences Are Cited Christmas Shopping Is Off Leisure Look Prevails
2018-11-25,Short-Term Interest Rates Plunge: Surprise and Delight Follow Fed Easing
2018-11-26,Investor's Hope: Consumer Stocks
2018-11-27,"CREDIT MARKETS Interest Rates Meet Recessionary Signs: Market Volatility Critics Impressed by Fed 4th-Quarter Prime Rate Decline 'Too Far, Too Fast' Long-Term Rates"
2018-11-28,Volunteers Provide Tax Counseling for the Elderly: Aid Strengthened by Merger
2018-11-29,"Humbler, After a Streak Of Magic"
2018-11-30,MARTIN ASKS RISE IN MORTGAGE AID: Reserve Chief Opposes Bid to Reduce Bank Rates Backs Consumer Curb MARTIN ASKS RISE IN MORTGAGE AID
2018-12-1,The Whitney Returns to Downtown: The museum's fourth satellite has a show of the 60's.
2018-12-2,"MARKET IS MIXED; DOW INDEX UP 3.39: Declines Outpace Gains -Fund Redemptions and Inflation Signs Cited BLUE CHIPS SHOW RISES G.E., Kodak and General Foods Add 1 1/2 -- Kresge and McDonald's Off MARKET IS MIXED DOW INDEX UP 3.39"
2018-12-3,Bank Deposits Lack the Luster of Short-Term Treasury Securities
2018-12-4,"Dow Drops 1.33, but Airline Stocks Climb"
2018-12-5,Fed Inquiry: An Arkansas Family: Overstepped Bounds An Empire Under Scrutiny A special report. Fed Investigation: An Arkansas Family and Its Banking Ownerships
2018-12-6,"RIGHTS PANEL RAISES JOB SENIORITY ISSUE: Practice of 'Last Hired, First Fired' Called Harmful to Minorities"
2018-12-7,Supreme Court Upholds Jobless Pay in Pregnancy: High Court Says States May Not Deny Jobless Benefits Solely for Pregnancy
2018-12-8,"Beating the Market, Arab-Style"
2018-12-9,Bewilderment on Job Layoffs: Oil Curbs Leading to Economic Paradoxes WASHINGTON REPORT
2018-12-10,Loans to Meet March 15 Taxes Were Sharply Lower This Year: Food and Liquor Lead Check Deposits Down
2018-12-11,Drawbacks Found in Deficit Package
2018-12-12,"On 125th St., the Recession Is Either a Boom or a Bust: Optimism Clouded On 125th St., Recession Is Either a Boom or a Bust Sales Down Sharply Money in Advance $25.87 for Tennis Shoes Ghost-Town Atmosphere"
2018-12-13,Treasuries Rise in Slow Trading: Top Yield Is 8.55% On New York Issue
2018-12-14,OFF THE SHELF: The Boy Behind the Global Theories
2018-12-15,Time for Optimism? Pessimism? Pick Your Gauge
2018-12-16,Bond Prices Rally as Inflation Stays Low
2018-12-17,WAGE BOARD GIVES PRODUCTIVITY RISE: Permits 4-Cent Auto Increase in Decision Pointing to New Policy on Pay WAGE BOARD BACKS PRODUCTIVITY RISE No Special Approval Required Support Controls' Extension
2018-12-18,The Labor Scene: An Overhaul of Unemployment Statistics Overhaul Is Due For Statistics On Joblessness
2018-12-19,BANKS DENOUNCE RESERVE'S PLAN: Question Legality of Halting Holding Companies' Sale of Commercial Paper BANKS DENOUNCE RESERVE'S PLAN
2018-12-20,Soviet Tactics Give U. S. Problem Of Avoiding Slump if Peace Comes: SOVIET STEPS RAISE ISSUE OF U. S. SLUMP
2018-12-21,A Pinch Becomes a Squeeze
2018-12-22,Wolff Is Cautiously Hopeful of Victory Over Derounian
2018-12-23,A New Chill on Organizing Efforts: The recession has trimmed jobs and posed obstacles for Amalgamated since its victory at J.P. Stevens.
2018-12-24,Market Surges Despite Increase In Interest Rate: Teledyne Jumps 9 3/8 Market Surges Despite Rate Rise Bond Market Unconvinced
2018-12-25,OUTLOOK: Harmony in the Candidates' Chorus Harmony Over the Issues OUTLOOK Harmony On Issues
2018-12-26,"Dow Falls 8.80 Points, To 2,384.90: Blue-Chip Indicator Has 5th Drop in a Row, But Many Stocks Rise"
2018-12-27,"Dow Barely Budges, Posting Gain of 0.83"
2018-12-28,TO GET THE ECONOMY MOVING
2018-12-29,Economic Recovery Vs. Defense Spending
2018-12-30,The Cruel Hoax of Humphrey-Hawkins
2018-12-31,Deficit Looms as Key Issue in Next Congress: Deficit Looms as Key Congress Issue